-- phpMyAdmin SQL Dump
-- version 5.1.3
-- https://www.phpmyadmin.net/
--
-- Host: mysql5025.site4now.net
-- Generation Time: May 24, 2022 at 06:11 PM
-- Server version: 5.6.47-log
-- PHP Version: 7.4.26

SET SQL_MODE = "NO_AUTO_VALUE_ON_ZERO";
START TRANSACTION;
SET time_zone = "+00:00";


/*!40101 SET @OLD_CHARACTER_SET_CLIENT=@@CHARACTER_SET_CLIENT */;
/*!40101 SET @OLD_CHARACTER_SET_RESULTS=@@CHARACTER_SET_RESULTS */;
/*!40101 SET @OLD_COLLATION_CONNECTION=@@COLLATION_CONNECTION */;
/*!40101 SET NAMES utf8mb4 */;

--
-- Database: `db_a5ddd0_locat`
--

-- --------------------------------------------------------

--
-- Table structure for table `animals`
--

CREATE TABLE `animals` (
  `id` int(13) NOT NULL,
  `user_id` int(13) NOT NULL,
  `name` varchar(64) NOT NULL,
  `breed` varchar(64) NOT NULL,
  `description` text NOT NULL,
  `img` varchar(256) NOT NULL,
  `date_create` datetime NOT NULL
) ENGINE=MyISAM DEFAULT CHARSET=utf8;

--
-- Dumping data for table `animals`
--

INSERT INTO `animals` (`id`, `user_id`, `name`, `breed`, `description`, `img`, `date_create`) VALUES
(1, 1, 'Jillian', 'anatolian', 'Occaecat veniam eiusmod cupidatat irure do do. Est non ullamco consectetur sit dolor est dolor labore quis exercitation reprehenderit incididunt.', 'https://via.placeholder.com/400/908/fff/?text=Jillian', '2022-01-02 07:07:08'),
(2, 1, 'Eddie', 'anatolian', 'Sit ut ea irure ad est magna culpa enim. Enim velit non incididunt adipisicing eiusmod officia mollit sit cillum sit pariatur minim non proident.', 'https://via.placeholder.com/400/977/fff/?text=Eddie', '2022-03-19 01:25:12'),
(3, 7, 'Jenny', 'calico', 'Adipisicing aliquip mollit eiusmod exercitation culpa Lorem mollit velit amet exercitation deserunt Lorem nulla. Quis veniam dolore eiusmod duis officia quis velit velit fugiat sunt fugiat consequat cillum.', 'https://via.placeholder.com/400/830/fff/?text=Jenny', '2022-01-01 07:53:42'),
(4, 3, 'Lowery', 'anatolian', 'Commodo excepteur nisi consectetur nisi quis deserunt minim do eu esse adipisicing cillum amet. Proident id ipsum voluptate sit et voluptate elit labore dolore nulla pariatur.', 'https://via.placeholder.com/400/739/fff/?text=Lowery', '2022-01-20 05:35:33'),
(5, 2, 'Esperanza', 'calico', 'Anim commodo aute deserunt nulla anim officia. Incididunt duis in nulla voluptate ullamco velit tempor ullamco.', 'https://via.placeholder.com/400/780/fff/?text=Esperanza', '2022-03-19 06:03:20'),
(6, 8, 'Long', 'calico', 'Elit Lorem sit veniam sint in. Elit anim Lorem magna enim minim consectetur consequat minim exercitation nostrud cupidatat aute.', 'https://via.placeholder.com/400/874/fff/?text=Long', '2022-01-23 02:37:23'),
(7, 8, 'Sykes', 'calico', 'Sint voluptate minim nostrud anim qui ullamco dolor adipisicing labore dolor aliquip est consequat exercitation. Minim nostrud amet proident aliquip veniam veniam et tempor officia ex et cillum.', 'https://via.placeholder.com/400/959/fff/?text=Sykes', '2022-02-02 09:23:08'),
(8, 1, 'Craig', 'calico', 'Sit est eiusmod sunt officia ea. Consectetur adipisicing officia voluptate qui ipsum.', 'https://via.placeholder.com/400/876/fff/?text=Craig', '2022-02-27 10:16:21'),
(9, 1, 'Elise', 'anatolian', 'Et est minim ullamco cillum culpa in duis minim est nisi. Amet non nisi aliquip ullamco irure ad exercitation enim in aliquip sit occaecat velit.', 'https://via.placeholder.com/400/881/fff/?text=Elise', '2022-03-06 07:54:23'),
(10, 10, 'Jeannine', 'calico', 'Duis eu voluptate aute anim est cillum labore aute aliqua pariatur duis qui nostrud. Exercitation amet dolore occaecat in ad anim.', 'https://via.placeholder.com/400/958/fff/?text=Jeannine', '2022-01-11 01:25:17'),
(11, 9, 'Becker', 'calico', 'Incididunt nostrud officia tempor sint commodo. Adipisicing do aliquip sint aliqua cupidatat anim voluptate reprehenderit nostrud labore veniam eu.', 'https://via.placeholder.com/400/823/fff/?text=Becker', '2022-01-02 01:55:31'),
(12, 2, 'Rosalinda', 'calico', 'Mollit ea amet exercitation mollit esse aliquip proident occaecat. Ullamco esse ipsum id velit excepteur aute excepteur elit labore eu dolore qui anim.', 'https://via.placeholder.com/400/701/fff/?text=Rosalinda', '2022-03-23 08:12:09'),
(13, 8, 'June', 'ginger', 'Incididunt nostrud veniam velit anim minim ullamco quis occaecat minim fugiat. Proident culpa fugiat ea nulla tempor ut.', 'https://via.placeholder.com/400/984/fff/?text=June', '2022-02-19 07:23:35'),
(14, 8, 'Moreno', 'calico', 'Ipsum officia laboris non do proident ut. Enim dolore proident minim consequat commodo dolor est.', 'https://via.placeholder.com/400/864/fff/?text=Moreno', '2022-03-07 04:26:43'),
(15, 9, 'Schneider', 'anatolian', 'Do culpa laboris deserunt nulla adipisicing esse anim laborum velit. Pariatur incididunt consequat do voluptate proident sunt non quis incididunt reprehenderit laboris veniam.', 'https://via.placeholder.com/400/930/fff/?text=Schneider', '2022-03-27 07:54:10'),
(16, 1, 'Walsh', 'ginger', 'Mollit ut quis exercitation Lorem laboris aliquip consequat. Mollit ullamco consequat ut esse anim occaecat adipisicing cillum.', 'https://via.placeholder.com/400/906/fff/?text=Walsh', '2022-01-20 01:46:45'),
(17, 5, 'Anatolia', 'Turkish Angora', 'I\'m a big and fat cat!!', 'uploads/1653352892.7452_068.JPG', '2022-01-26 05:49:08'),
(59, 5, 'Huseyn\'s Cat', 'Bengal Cat', 'I\'m a fat cat.', 'uploads/1653354231.9244_cat.jpg', '2022-05-23 18:03:26'),
(18, 7, 'Cox', 'ginger', 'Id laborum pariatur cillum aliquip eiusmod labore et velit anim eiusmod nostrud consequat. Laborum tempor proident qui officia occaecat in voluptate eiusmod anim et.', 'https://via.placeholder.com/400/874/fff/?text=Cox', '2022-03-12 11:45:17'),
(19, 7, 'Lina', 'anatolian', 'Aliqua esse anim minim amet velit. Laboris eiusmod qui occaecat velit ut eu enim eu id do non sit consequat dolor.', 'https://via.placeholder.com/400/710/fff/?text=Lina', '2022-03-23 12:03:22'),
(20, 8, 'Bartlett', 'ginger', 'Eiusmod labore commodo aliquip laborum eiusmod voluptate dolore nulla laboris do ea ut laboris minim. Dolore mollit dolore eu elit excepteur non deserunt occaecat.', 'https://via.placeholder.com/400/813/fff/?text=Bartlett', '2022-02-22 08:17:04'),
(21, 2, 'Judy', 'anatolian', 'Anim eu velit culpa culpa sunt adipisicing excepteur amet reprehenderit sint fugiat ut voluptate. Deserunt deserunt elit dolore dolor mollit.', 'https://via.placeholder.com/400/711/fff/?text=Judy', '2022-04-03 06:49:33'),
(22, 5, 'Mestan', 'Siberian Cat', 'Hello Cat!', 'uploads/1653357728.3958_mikhail-vasilyev-IFxjDdqK_0U-unsplash.jpg', '2022-03-27 09:20:16'),
(23, 7, 'Marks', 'anatolian', 'Voluptate cupidatat ullamco aliqua voluptate in do proident elit nostrud pariatur. Eu pariatur qui anim velit aliquip commodo fugiat consequat magna eiusmod velit.', 'https://via.placeholder.com/400/885/fff/?text=Marks', '2022-02-13 06:56:58'),
(24, 6, 'Rhodes', 'calico', 'Eiusmod officia qui sunt est ea. Qui est in mollit tempor do adipisicing consequat officia.', 'https://via.placeholder.com/400/933/fff/?text=Rhodes', '2022-02-06 03:32:30'),
(25, 5, 'Maricela', 'calico', 'Hello World! My name is Maricela.', 'uploads/1653357743.321_eduard-delputte-1P6LZ8S8XJc-unsplash.jpg', '2022-03-08 09:25:20'),
(26, 9, 'Allen', 'calico', 'Consectetur dolore dolor reprehenderit ullamco labore veniam. Sit eu est irure amet occaecat.', 'https://via.placeholder.com/400/781/fff/?text=Allen', '2022-01-01 04:27:53'),
(27, 6, 'Noelle', 'calico', 'Deserunt fugiat reprehenderit magna ut enim excepteur. Fugiat incididunt pariatur deserunt voluptate elit veniam duis.', 'https://via.placeholder.com/400/709/fff/?text=Noelle', '2022-01-17 11:32:51'),
(28, 5, 'Richardson', 'Siberian Cat', 'Hello Cat', 'uploads/1653357759.212_erik-jan-leusink-IbPxGLgJiMI-unsplash.jpg', '2022-02-14 07:36:37'),
(51, 11, 'Huseyn\'s Cat', 'Siberian Cat', 'cat', 'https://via.placeholder.com/400/?text=CAT', '2022-05-08 18:45:58'),
(29, 3, 'Janette', 'ginger', 'Incididunt cupidatat elit ea cupidatat in sit adipisicing dolor laborum velit. Veniam minim quis sunt velit fugiat proident elit exercitation voluptate id fugiat excepteur.', 'https://via.placeholder.com/400/970/fff/?text=Janette', '2022-01-26 10:00:33'),
(30, 2, 'Kane', 'ginger', 'Cillum commodo pariatur est tempor minim pariatur labore esse voluptate quis nostrud. Veniam aliqua laborum aliquip cillum aute eu duis.', 'https://via.placeholder.com/400/888/fff/?text=Kane', '2022-02-25 07:23:09'),
(31, 2, 'Magdalena', 'calico', 'Sunt voluptate ea pariatur veniam nisi cillum duis reprehenderit dolore quis. Nostrud pariatur aliquip quis minim proident ut cupidatat cupidatat exercitation do.', 'https://via.placeholder.com/400/939/fff/?text=Magdalena', '2022-03-21 10:09:23'),
(32, 5, 'Tammi', 'calico', 'Hello my name is Tammi!', 'https://via.placeholder.com/400/964/fff/?text=Tammi', '2022-01-26 09:44:15'),
(60, 15, 'Garfield', 'Siberian Cat', 'Fat cat', 'https://via.placeholder.com/400/?text=CAT', '2022-05-23 20:29:32'),
(33, 4, 'Alicia', 'ginger', 'In exercitation excepteur velit deserunt dolore aliqua sint deserunt. Qui incididunt nisi cillum mollit do ad fugiat ut amet ea est mollit.', 'https://via.placeholder.com/400/915/fff/?text=Alicia', '2022-03-22 06:33:45'),
(55, 12, 'Kissy', 'Bengal Cat', 'I’m a big and fat cat', 'https://via.placeholder.com/400/?text=CAT', '2022-05-08 22:43:54'),
(35, 1, 'Briggs', 'calico', 'Fugiat esse qui laboris aliqua duis cupidatat. Sit sint magna eiusmod nulla sit adipisicing ipsum.', 'https://via.placeholder.com/400/867/fff/?text=Briggs', '2022-01-18 08:19:26'),
(36, 9, 'Nichole', 'calico', 'Veniam eiusmod magna do id commodo magna. Nostrud do non irure quis.', 'https://via.placeholder.com/400/898/fff/?text=Nichole', '2022-01-22 12:32:16'),
(37, 3, 'Snow', 'calico', 'Nostrud tempor consectetur consequat dolor. In irure mollit veniam veniam culpa fugiat laborum.', 'https://via.placeholder.com/400/761/fff/?text=Snow', '2022-02-03 12:49:38'),
(38, 10, 'Elsie', 'ginger', 'Voluptate mollit laboris est cillum eiusmod enim anim id ullamco aliqua in aliqua. Enim Lorem sit irure est est.', 'https://via.placeholder.com/400/887/fff/?text=Elsie', '2022-01-06 03:48:29'),
(39, 3, 'Nicholson', 'ginger', 'Officia veniam irure adipisicing commodo quis quis et eu id culpa reprehenderit culpa. Labore adipisicing irure sunt do duis proident ad do laborum adipisicing.', 'https://via.placeholder.com/400/882/fff/?text=Nicholson', '2022-02-08 04:02:33'),
(40, 1, 'Tamika', 'ginger', 'Lorem adipisicing ea ullamco amet. Magna culpa pariatur aliqua duis nisi eiusmod incididunt occaecat fugiat.', 'https://via.placeholder.com/400/857/fff/?text=Tamika', '2022-03-02 08:09:47'),
(41, 8, 'Mcdowell', 'ginger', 'Enim magna cupidatat dolore cupidatat ipsum sit aliqua. Pariatur enim aliquip ex incididunt velit.', 'https://via.placeholder.com/400/906/fff/?text=Mcdowell', '2022-01-11 02:27:51'),
(42, 7, 'Elma', 'ginger', 'Ex culpa nostrud ut laborum eiusmod voluptate aliqua mollit. Quis tempor cupidatat ipsum officia excepteur.', 'https://via.placeholder.com/400/862/fff/?text=Elma', '2022-01-17 09:37:25'),
(43, 1, 'Shari', 'ginger', 'Do quis quis proident nisi sint quis et velit est mollit laborum sit ullamco ipsum. Incididunt laborum aute nulla exercitation consectetur voluptate fugiat anim culpa.', 'https://via.placeholder.com/400/866/fff/?text=Shari', '2022-01-07 05:48:53'),
(44, 8, 'Kelli', 'ginger', 'Culpa consectetur consectetur esse incididunt proident. Est nisi labore Lorem minim culpa eu officia sunt in eiusmod occaecat elit excepteur ut.', 'https://via.placeholder.com/400/862/fff/?text=Kelli', '2022-02-28 04:25:56'),
(45, 1, 'Maddox', 'calico', 'Nisi duis reprehenderit aliquip laboris esse minim tempor deserunt nisi pariatur irure. Aliqua ea non Lorem deserunt id ut commodo.', 'https://via.placeholder.com/400/900/fff/?text=Maddox', '2022-03-22 10:12:43'),
(46, 1, 'Fletcher', 'ginger', 'Ex sint tempor dolor adipisicing do nostrud laboris incididunt non eu Lorem quis. Commodo adipisicing duis dolor adipisicing.', 'https://via.placeholder.com/400/868/fff/?text=Fletcher', '2022-03-25 04:12:31'),
(47, 9, 'Lindsay', 'anatolian', 'Culpa quis commodo cillum qui. Laborum qui id reprehenderit fugiat mollit pariatur anim amet.', 'https://via.placeholder.com/400/880/fff/?text=Lindsay', '2022-03-25 07:00:12'),
(48, 8, 'Antoinette', 'anatolian', 'Esse reprehenderit sint adipisicing aliqua cillum ad ex cillum velit adipisicing amet irure. Cillum aute est ad ad non mollit deserunt minim laborum ut nostrud.', 'https://via.placeholder.com/400/903/fff/?text=Antoinette', '2022-03-19 10:27:45'),
(49, 10, 'Tonia', 'Bengal Cat', 'Occaecat Lorem elit irure ullamco cupidatat quis est incididunt enim ut. Officia incididunt consectetur Lorem sint laborum minim commodo aliqua id ut consectetur fugiat pariatur officia.', 'https://via.placeholder.com/400/954/fff/?text=Tonia', '2022-02-05 04:55:01'),
(50, 8, 'Mari', 'calico', 'Excepteur nisi qui eiusmod ex dolore incididunt. Mollit cupidatat dolor id aliqua et magna.', 'https://via.placeholder.com/400/797/fff/?text=Mari', '2022-01-26 06:03:23'),
(66, 16, 'Huseyn\'s Cat', 'Bengal Cat', 'mm', 'https://via.placeholder.com/400/?text=CAT', '2022-05-24 00:55:43'),
(68, 18, 'a', 'Turkish Angora', 'b', 'https://via.placeholder.com/400/?text=CAT', '2022-05-24 02:29:10'),
(69, 18, 'a', 'Turkish Angora', 'b', 'https://via.placeholder.com/400/?text=CAT', '2022-05-24 02:29:40');

-- --------------------------------------------------------

--
-- Table structure for table `locations`
--

CREATE TABLE `locations` (
  `id` int(13) NOT NULL,
  `animal_id` int(13) NOT NULL,
  `lat` decimal(8,6) NOT NULL,
  `lng` decimal(9,6) NOT NULL,
  `description` text NOT NULL,
  `img` varchar(256) NOT NULL,
  `date_create` datetime NOT NULL
) ENGINE=MyISAM DEFAULT CHARSET=utf8;

--
-- Dumping data for table `locations`
--

INSERT INTO `locations` (`id`, `animal_id`, `lat`, `lng`, `description`, `img`, `date_create`) VALUES
(72, 41, '37.784282', '-122.397338', 'Nostrud labore dolore sunt qui labore tempor ex excepteur labore ut ea culpa tempor et. Dolore ea voluptate eu do exercitation.', 'https://via.placeholder.com/400/', '2022-01-18 08:41:16'),
(71, 23, '37.774105', '-122.366185', 'Sunt labore magna officia et cillum exercitation minim cupidatat id eu. Laborum occaecat irure in ullamco nulla voluptate velit.', 'https://via.placeholder.com/400/', '2022-01-30 03:41:28'),
(70, 45, '37.801457', '-122.453337', 'Occaecat nostrud minim fugiat ex cupidatat veniam quis. Amet amet nisi commodo proident elit aliqua exercitation eu aliquip pariatur aute Lorem ad.', 'https://via.placeholder.com/400/', '2022-02-02 04:48:11'),
(69, 17, '37.777050', '-122.463541', 'In ipsum enim consequat dolor sint proident aute amet excepteur non fugiat. Ex mollit commodo aute Lorem ea tempor ullamco labore sint.', 'https://via.placeholder.com/400/', '2022-02-09 09:36:14'),
(68, 29, '37.799291', '-122.442905', 'Anim elit laboris Lorem elit do voluptate id mollit. Sit incididunt proident dolor tempor aute exercitation.', 'https://via.placeholder.com/400/', '2022-01-04 05:25:14'),
(67, 5, '37.765447', '-122.411323', 'Eiusmod ad quis enim laborum cupidatat in esse minim do aliquip consectetur reprehenderit esse dolor. Labore irure non consectetur cillum laborum magna labore velit consequat excepteur nostrud magna mollit aliquip.', 'https://via.placeholder.com/400/', '2022-03-22 12:49:51'),
(66, 6, '37.788938', '-122.444044', 'Aliquip pariatur laboris cillum nostrud nulla pariatur adipisicing eiusmod cillum excepteur. Veniam velit anim minim anim.', 'https://via.placeholder.com/400/', '2022-02-12 04:07:49'),
(65, 12, '37.773444', '-122.421902', 'Excepteur cupidatat laborum aute esse dolor aliqua eiusmod proident nisi ad esse in laborum. Consectetur ut culpa sunt occaecat consequat est et velit reprehenderit.', 'https://via.placeholder.com/400/', '2022-03-20 05:11:30'),
(64, 6, '37.737875', '-122.475549', 'Excepteur ullamco minim magna exercitation nulla. Irure tempor minim dolore irure aliquip.', 'https://via.placeholder.com/400/', '2022-03-28 02:29:59'),
(63, 27, '37.738141', '-122.421902', 'Aliquip id exercitation id do amet sint eu aute ut ex nostrud amet. Commodo enim fugiat reprehenderit et ut officia consectetur aliqua amet.', 'https://via.placeholder.com/400/', '2022-01-20 09:39:41'),
(62, 23, '37.738774', '-122.430899', 'Mollit dolor in et adipisicing occaecat occaecat veniam laborum amet ad. Deserunt ullamco anim ullamco exercitation occaecat excepteur ex qui sunt qui ea ut ea.', 'https://via.placeholder.com/400/', '2022-03-08 02:07:14'),
(61, 25, '37.786951', '-122.400334', 'Excepteur reprehenderit non cupidatat in pariatur consequat. Lorem eu tempor in aliqua excepteur mollit ex ut eu in dolor.', 'https://via.placeholder.com/400/', '2022-03-16 09:44:23'),
(60, 41, '37.758882', '-122.395197', 'Fugiat proident fugiat irure consequat tempor non pariatur est reprehenderit adipisicing officia duis. Nisi amet est nulla labore enim incididunt id consequat.', 'https://via.placeholder.com/400/', '2022-02-07 09:21:48'),
(59, 28, '37.800384', '-122.456053', 'Ullamco ipsum et commodo deserunt mollit proident ex tempor nostrud ea anim do. Ut proident aliqua mollit anim culpa sunt laboris ipsum laboris veniam laborum fugiat consequat.', 'https://via.placeholder.com/400/', '2022-02-17 08:27:31'),
(58, 39, '37.749968', '-122.365747', 'Eiusmod labore duis tempor incididunt irure. Ea pariatur occaecat reprehenderit velit reprehenderit ex culpa velit voluptate duis.', 'https://via.placeholder.com/400/', '2022-02-17 11:22:46'),
(57, 24, '37.745387', '-122.453840', 'Sint nulla cillum cupidatat enim culpa dolor velit cillum cillum pariatur deserunt. Officia incididunt reprehenderit ut tempor ut id amet Lorem ut excepteur eu.', 'https://via.placeholder.com/400/', '2022-01-01 10:10:42'),
(56, 5, '37.738641', '-122.428734', 'Voluptate consectetur dolore exercitation non mollit sit magna sint sit tempor aliqua commodo. Fugiat dolore nisi ut consequat quis velit sit dolor aliqua nostrud officia ipsum.', 'https://via.placeholder.com/400/', '2022-03-11 12:42:14'),
(55, 42, '37.745682', '-122.433248', 'Veniam reprehenderit ex nulla veniam. Nostrud anim sunt reprehenderit ea incididunt.', 'https://via.placeholder.com/400/', '2022-01-02 03:42:18'),
(54, 26, '37.785899', '-122.461955', 'Tempor qui sunt culpa excepteur minim elit laborum irure laborum eu velit. Eiusmod sit amet in excepteur minim laboris velit sint tempor commodo irure proident et.', 'https://via.placeholder.com/400/', '2022-03-11 08:44:39'),
(53, 12, '37.758367', '-122.474090', 'Tempor commodo velit dolor aute cillum officia tempor aliquip est. Ipsum commodo eu quis mollit mollit sit laboris exercitation.', 'https://via.placeholder.com/400/', '2022-02-14 07:26:59'),
(52, 4, '37.754862', '-122.488899', 'Excepteur laboris sunt aliquip dolore nulla nulla excepteur est irure proident occaecat. Duis est ex dolor qui est consequat.', 'https://via.placeholder.com/400/', '2022-03-10 01:35:38'),
(51, 41, '37.790560', '-122.455915', 'Pariatur dolor cillum minim Lorem consectetur. Nostrud consequat aliquip deserunt eiusmod duis do.', 'https://via.placeholder.com/400/', '2022-02-07 11:15:05'),
(50, 18, '37.778664', '-122.394829', 'Exercitation ullamco proident do amet ea enim labore exercitation eu et irure dolor. Cupidatat eu anim eiusmod nostrud aute ipsum magna.', 'https://via.placeholder.com/400/', '2022-02-08 09:20:16'),
(49, 13, '37.784887', '-122.401884', 'Eiusmod magna ex voluptate reprehenderit magna et irure ut sit laboris consequat reprehenderit id nostrud. Nulla et nostrud excepteur ullamco ullamco quis cillum laboris sint adipisicing.', 'https://via.placeholder.com/400/', '2022-01-12 07:13:48'),
(48, 36, '37.762593', '-122.404109', 'Voluptate excepteur Lorem adipisicing aliquip magna reprehenderit excepteur laborum non Lorem quis enim in. Anim magna consectetur minim cillum laboris ad labore proident eiusmod qui dolore duis adipisicing velit.', 'https://via.placeholder.com/400/', '2022-01-27 01:12:45'),
(47, 31, '37.792462', '-122.393199', 'Dolor dolor consectetur anim nulla eiusmod minim voluptate velit culpa commodo. Laborum officia ullamco fugiat elit ipsum Lorem nulla tempor.', 'https://via.placeholder.com/400/', '2022-01-02 12:01:25'),
(46, 44, '37.776744', '-122.421618', 'Elit elit nisi dolore adipisicing nisi ea occaecat elit. Mollit excepteur nulla occaecat do sint non occaecat velit laboris pariatur.', 'https://via.placeholder.com/400/', '2022-02-18 12:22:55'),
(45, 43, '37.801296', '-122.376213', 'Eu commodo minim amet laborum labore ullamco ullamco deserunt velit esse. Officia fugiat esse qui officia.', 'https://via.placeholder.com/400/', '2022-03-19 02:17:25'),
(44, 12, '37.781548', '-122.472556', 'Et nisi ipsum esse non aliqua adipisicing velit. Laboris mollit qui aliqua dolor exercitation consectetur do consequat exercitation ullamco esse consectetur irure.', 'https://via.placeholder.com/400/', '2022-01-06 01:42:54'),
(43, 3, '37.770239', '-122.424696', 'Pariatur nostrud ut pariatur velit in velit consectetur aliquip proident excepteur in ea cillum nulla. Veniam excepteur exercitation reprehenderit non minim aliqua esse excepteur exercitation laboris occaecat nulla.', 'https://via.placeholder.com/400/', '2022-02-14 01:19:37'),
(42, 1, '37.790622', '-122.490231', 'Ut cillum officia tempor culpa. Mollit deserunt aliquip exercitation ullamco consequat dolore cillum adipisicing.', 'https://via.placeholder.com/400/', '2022-03-17 04:56:07'),
(41, 43, '37.777584', '-122.397475', 'Labore minim irure mollit qui. Tempor enim proident non sint irure culpa minim cupidatat ipsum consequat.', 'https://via.placeholder.com/400/', '2022-01-06 10:44:02'),
(40, 8, '37.760402', '-122.385110', 'Ipsum magna aute consequat occaecat qui tempor veniam ad minim nostrud occaecat. Elit et do in ad sunt in dolor laboris Lorem.', 'https://via.placeholder.com/400/', '2022-03-09 10:51:23'),
(39, 22, '37.743513', '-122.410247', 'Est laboris elit irure anim et veniam cupidatat veniam nulla. Fugiat ea mollit incididunt irure enim mollit tempor consectetur cupidatat dolore ut non est nulla.', 'https://via.placeholder.com/400/', '2022-01-12 12:03:34'),
(38, 27, '37.792414', '-122.424262', 'Occaecat sunt voluptate eu nulla reprehenderit consectetur tempor pariatur eu sunt ex. Ipsum laboris qui consectetur labore fugiat ut in.', 'https://via.placeholder.com/400/', '2022-02-26 03:04:31'),
(37, 43, '37.742359', '-122.392297', 'Cupidatat pariatur do eiusmod eiusmod fugiat. Sunt anim occaecat adipisicing officia sint aliqua non duis culpa occaecat aliquip ad amet exercitation.', 'https://via.placeholder.com/400/', '2022-01-27 06:23:00'),
(36, 28, '37.773414', '-122.429122', 'Lorem consequat anim culpa cillum tempor mollit. Pariatur deserunt aliqua enim exercitation laborum eu occaecat.', 'https://via.placeholder.com/400/', '2022-03-15 03:49:44'),
(35, 13, '37.783954', '-122.457770', 'Commodo exercitation occaecat Lorem non pariatur. Et elit consequat sit et.', 'https://via.placeholder.com/400/', '2022-01-05 12:09:38'),
(34, 35, '37.802902', '-122.364749', 'Officia nulla aute labore id eu in voluptate do incididunt aliqua. Et labore laborum ut excepteur do id commodo ad et cupidatat sint velit eiusmod nisi.', 'https://via.placeholder.com/400/', '2022-03-14 11:27:15'),
(33, 50, '37.773505', '-122.377527', 'In ad esse ullamco eiusmod minim mollit pariatur consequat voluptate. Deserunt cillum consequat magna qui deserunt aute elit in.', 'https://via.placeholder.com/400/', '2022-03-16 04:23:09'),
(32, 4, '37.744445', '-122.377215', 'Et non dolor voluptate fugiat veniam anim amet est voluptate ullamco laboris enim enim enim. Minim velit velit sint esse pariatur laboris magna et reprehenderit id.', 'https://via.placeholder.com/400/', '2022-02-25 05:50:36'),
(31, 21, '37.803785', '-122.404058', 'Est nulla exercitation consequat et sunt ex nulla duis officia. Est nulla et commodo sint laborum commodo aliqua officia cupidatat in et Lorem.', 'https://via.placeholder.com/400/', '2022-01-26 06:41:10'),
(30, 12, '37.769909', '-122.473335', 'Fugiat est pariatur sint proident qui qui ut aute labore elit velit commodo eiusmod. Eiusmod in culpa dolor ad consectetur sunt minim fugiat nulla officia duis cillum.', 'https://via.placeholder.com/400/', '2022-01-09 11:42:18'),
(29, 2, '37.798512', '-122.469734', 'Esse aliqua tempor minim ea magna aute incididunt proident et. Dolore et incididunt anim culpa consequat cillum ea sunt ut Lorem.', 'https://via.placeholder.com/400/', '2022-03-31 09:35:43'),
(28, 10, '37.759060', '-122.485382', 'Mollit cupidatat non duis nulla tempor occaecat reprehenderit deserunt. Aliqua dolor consequat consectetur adipisicing ullamco minim nostrud est esse consectetur Lorem amet eu.', 'https://via.placeholder.com/400/', '2022-03-09 12:28:19'),
(27, 38, '37.797797', '-122.405877', 'Fugiat enim sit Lorem occaecat aliquip adipisicing aute laboris dolor laboris sint laboris tempor velit. Commodo ut sit Lorem occaecat cillum consectetur commodo qui adipisicing id.', 'https://via.placeholder.com/400/', '2022-02-24 05:27:15'),
(26, 4, '37.774364', '-122.465960', 'Veniam in aliqua aliquip culpa excepteur dolor ex. Aliquip qui velit amet deserunt velit esse ea proident ad.', 'https://via.placeholder.com/400/', '2022-02-04 05:49:09'),
(25, 2, '37.755062', '-122.369353', 'Est laborum tempor nisi amet qui incididunt deserunt esse. Reprehenderit ea aute excepteur non non irure eiusmod sunt eu voluptate exercitation.', 'https://via.placeholder.com/400/', '2022-02-23 10:42:37'),
(24, 3, '37.784707', '-122.398948', 'Non nostrud proident qui incididunt ipsum. Duis labore veniam in Lorem incididunt qui velit exercitation sint non.', 'https://via.placeholder.com/400/', '2022-02-27 11:08:10'),
(23, 18, '37.787536', '-122.427656', 'Aliqua dolore eu irure non incididunt velit et mollit eu incididunt dolor. Nisi enim aliqua veniam laboris excepteur in ullamco dolor irure fugiat.', 'https://via.placeholder.com/400/', '2022-02-13 12:32:19'),
(22, 32, '37.746806', '-122.431834', 'Ea culpa deserunt ipsum amet ad ad. Ut in ut et nostrud reprehenderit ut cillum dolor Lorem dolore.', 'https://via.placeholder.com/400/', '2022-02-20 06:36:45'),
(21, 35, '37.780663', '-122.402993', 'Sint minim consequat officia ipsum non adipisicing exercitation laboris. Elit est exercitation culpa amet sit culpa nulla deserunt fugiat eu voluptate.', 'https://via.placeholder.com/400/', '2022-01-04 05:14:52'),
(20, 6, '37.764269', '-122.438751', 'Commodo eiusmod deserunt ullamco laborum dolor irure laboris laboris consequat fugiat cillum duis. Aute commodo mollit ipsum do culpa ad elit et magna velit nostrud.', 'https://via.placeholder.com/400/', '2022-02-02 08:52:23'),
(19, 3, '37.741438', '-122.460078', 'Ea veniam quis officia voluptate elit aute. Voluptate eiusmod cupidatat eiusmod elit voluptate.', 'https://via.placeholder.com/400/', '2022-01-27 02:30:20'),
(18, 39, '37.799890', '-122.445808', 'Veniam eiusmod qui ex cupidatat laborum incididunt. Tempor culpa voluptate ea Lorem amet exercitation aliqua magna non dolor cupidatat do labore sit.', 'https://via.placeholder.com/400/', '2022-03-16 03:30:02'),
(17, 12, '37.801509', '-122.401901', 'Amet do minim Lorem elit esse. Magna fugiat proident ullamco esse exercitation eiusmod elit sit qui excepteur nisi elit incididunt sint.', 'https://via.placeholder.com/400/', '2022-01-08 05:38:16'),
(16, 24, '37.772979', '-122.388375', 'Mollit tempor nulla irure do amet minim. Occaecat quis cupidatat non ipsum do amet in eu Lorem excepteur.', 'https://via.placeholder.com/400/', '2022-02-08 04:12:12'),
(15, 3, '37.766464', '-122.425983', 'Ullamco excepteur deserunt officia minim eu sit duis qui aliqua aliquip exercitation minim ex. Proident minim commodo commodo cillum anim ex anim id irure mollit pariatur et voluptate.', 'https://via.placeholder.com/400/', '2022-02-02 08:42:21'),
(14, 47, '37.792599', '-122.473176', 'Duis veniam ipsum fugiat eu enim cillum anim adipisicing commodo. Ipsum consectetur dolor eiusmod excepteur ut pariatur.', 'https://via.placeholder.com/400/', '2022-03-21 02:43:51'),
(13, 3, '37.765564', '-122.463646', 'Do eu reprehenderit cillum velit officia ex ex qui tempor. Labore commodo cupidatat excepteur qui occaecat do ea ipsum sunt ex est elit.', 'https://via.placeholder.com/400/', '2022-03-07 04:11:36'),
(12, 15, '37.754943', '-122.452835', 'Eiusmod sunt sit exercitation adipisicing sit id ad qui sunt ex. Irure eiusmod occaecat cillum duis id duis exercitation.', 'https://via.placeholder.com/400/', '2022-01-06 01:23:51'),
(11, 36, '37.751512', '-122.467920', 'Est consectetur aute ut excepteur ex minim nulla incididunt do deserunt nisi eiusmod labore. Dolor qui reprehenderit nisi consectetur cupidatat sit sit.', 'https://via.placeholder.com/400/', '2022-01-12 09:20:04'),
(10, 42, '37.738840', '-122.462357', 'Id commodo consectetur est qui. Aliqua excepteur pariatur veniam pariatur.', 'https://via.placeholder.com/400/', '2022-02-07 10:23:59'),
(9, 9, '37.748765', '-122.470292', 'Qui laboris minim velit et laboris magna. Amet laborum qui sit fugiat magna sunt ad duis irure.', 'https://via.placeholder.com/400/', '2022-03-25 07:34:33'),
(8, 33, '37.759077', '-122.474414', 'Eu velit esse commodo nulla proident magna. Ea amet laboris magna sunt eu anim mollit aliquip.', 'https://via.placeholder.com/400/', '2022-03-13 01:50:09'),
(7, 17, '37.737325', '-122.478746', 'Aute aute ad fugiat magna id eu anim enim consectetur aliqua. Mollit esse et dolore adipisicing.', 'https://via.placeholder.com/400/', '2022-01-14 09:33:19'),
(6, 17, '37.791516', '-122.463985', 'Laborum fugiat tempor occaecat occaecat. Incididunt quis exercitation aute irure nostrud nostrud do enim reprehenderit.', 'https://via.placeholder.com/400/', '2022-03-13 08:52:39'),
(5, 27, '37.784700', '-122.443592', 'Minim pariatur irure laborum occaecat veniam ullamco ut irure non commodo laboris. Voluptate ex ex labore tempor veniam do aliqua ad non voluptate ea.', 'https://via.placeholder.com/400/', '2022-03-27 03:48:47'),
(4, 45, '37.798724', '-122.440495', 'Elit non in in non dolor ex aute sunt. Do deserunt culpa excepteur est enim pariatur non.', 'https://via.placeholder.com/400/', '2022-01-31 07:25:11'),
(3, 17, '37.743046', '-122.422004', 'Nulla est incididunt ea minim ipsum in sit aute do. Nisi pariatur ea amet enim dolor sit eu ea.', 'https://via.placeholder.com/400/', '2022-01-12 03:44:21'),
(2, 46, '37.775453', '-122.490210', 'Non velit sint irure et. Elit eiusmod occaecat pariatur magna culpa nostrud magna ex aute cillum magna eu nulla.', 'https://via.placeholder.com/400/', '2022-02-01 01:55:37'),
(1, 47, '37.776828', '-122.372553', 'Excepteur ut anim deserunt ipsum tempor Lorem commodo nulla excepteur et laboris elit deserunt. Laboris laborum incididunt quis aute Lorem consectetur minim proident.', 'https://via.placeholder.com/400/', '2022-02-14 02:12:06'),
(73, 18, '37.786912', '-122.471525', 'Incididunt sit exercitation ea pariatur non tempor et consectetur eu excepteur exercitation excepteur proident proident. Pariatur consequat tempor aliquip anim aliqua nostrud culpa exercitation.', 'https://via.placeholder.com/400/', '2022-01-05 06:58:57'),
(74, 12, '37.764085', '-122.437154', 'Excepteur ea ea sint exercitation ea sint consectetur voluptate culpa adipisicing sit fugiat ullamco in. Et aliquip minim non magna enim labore ex ex Lorem.', 'https://via.placeholder.com/400/', '2022-02-18 12:31:20'),
(75, 10, '37.796458', '-122.367546', 'Consequat ullamco sit ad sit. Deserunt sint proident tempor culpa voluptate ea qui nulla nulla.', 'https://via.placeholder.com/400/', '2022-02-22 06:20:18'),
(76, 14, '37.747261', '-122.423217', 'Incididunt occaecat ullamco nostrud elit. Nisi aliqua sit dolore consectetur mollit aliqua ipsum nisi enim exercitation ea Lorem velit in.', 'https://via.placeholder.com/400/', '2022-02-28 02:25:45'),
(77, 13, '37.767137', '-122.472489', 'Enim ut culpa ea mollit ipsum. In in irure laborum do officia qui commodo laboris fugiat quis officia labore.', 'https://via.placeholder.com/400/', '2022-02-08 04:01:11'),
(78, 38, '37.753417', '-122.442119', 'Tempor anim irure Lorem est ut esse velit dolore eu proident. Esse elit adipisicing sit id laborum laboris Lorem reprehenderit id irure.', 'https://via.placeholder.com/400/', '2022-02-20 01:56:19'),
(79, 42, '37.737791', '-122.481203', 'Anim sint velit amet quis labore culpa. Quis est non ad eu dolore mollit voluptate duis adipisicing velit.', 'https://via.placeholder.com/400/', '2022-03-25 04:49:22'),
(80, 33, '37.786170', '-122.424919', 'In ad consectetur nulla in tempor aliqua laborum anim nisi aliqua officia cupidatat cillum id. Elit sint irure commodo magna voluptate laborum exercitation aliqua exercitation cupidatat Lorem.', 'https://via.placeholder.com/400/', '2022-01-24 01:33:17'),
(81, 6, '37.784049', '-122.435763', 'Nisi cillum eu officia aliquip voluptate incididunt ut dolor laborum Lorem laborum cupidatat officia. Consequat incididunt ut sit culpa deserunt excepteur ipsum.', 'https://via.placeholder.com/400/', '2022-02-05 04:05:45'),
(82, 43, '37.749929', '-122.440088', 'Dolore amet sunt ut fugiat ut. Et veniam fugiat ut in Lorem proident.', 'https://via.placeholder.com/400/', '2022-03-03 12:23:34'),
(83, 38, '37.781024', '-122.410754', 'Tempor magna culpa ea pariatur commodo est eiusmod id quis irure excepteur. In do Lorem laborum quis consequat cupidatat ipsum ex ad eu occaecat dolore excepteur proident.', 'https://via.placeholder.com/400/', '2022-01-01 07:19:53'),
(84, 2, '37.737826', '-122.400929', 'Eiusmod nisi eiusmod aute irure mollit. Quis ad Lorem ullamco ea magna id.', 'https://via.placeholder.com/400/', '2022-03-27 12:27:53'),
(85, 28, '37.798328', '-122.483553', 'Ad voluptate occaecat Lorem velit aliqua ea mollit commodo nulla mollit Lorem sunt. Adipisicing veniam amet nisi deserunt reprehenderit dolore consequat cillum mollit consequat.', 'https://via.placeholder.com/400/', '2022-01-21 01:27:29'),
(86, 35, '37.790453', '-122.477961', 'Exercitation quis amet pariatur dolor qui id labore. Qui aliqua aliquip laborum Lorem nulla qui magna commodo consequat Lorem commodo.', 'https://via.placeholder.com/400/', '2022-03-08 07:32:42'),
(87, 45, '37.775792', '-122.364878', 'Cillum laborum ea id ullamco. Laboris anim culpa veniam nostrud enim id elit ipsum ex irure duis commodo aliqua ad.', 'https://via.placeholder.com/400/', '2022-01-01 09:21:08'),
(88, 26, '37.776731', '-122.374975', 'Aliqua pariatur velit officia ea cillum sit. Sit proident ea deserunt in nisi pariatur duis duis pariatur aliquip adipisicing incididunt.', 'https://via.placeholder.com/400/', '2022-03-28 01:45:38'),
(89, 35, '37.745628', '-122.453791', 'Ad quis nisi aliquip cupidatat ad culpa nostrud minim fugiat. Proident laborum voluptate do anim.', 'https://via.placeholder.com/400/', '2022-02-21 02:52:40'),
(90, 17, '37.798303', '-122.465169', 'In velit voluptate dolore culpa amet aliqua et dolore irure. Nulla nostrud fugiat tempor mollit cillum aute proident fugiat consequat cupidatat eiusmod dolor ipsum sint.', 'https://via.placeholder.com/400/', '2022-02-14 07:46:49'),
(91, 44, '37.786233', '-122.406211', 'Veniam adipisicing eiusmod esse pariatur do exercitation quis qui exercitation voluptate excepteur. Veniam duis non veniam elit incididunt exercitation enim sit laborum labore dolor.', 'https://via.placeholder.com/400/', '2022-01-14 06:15:58'),
(92, 23, '37.769708', '-122.414159', 'Cillum aliqua laboris proident duis. Voluptate id ullamco aute amet cupidatat ipsum.', 'https://via.placeholder.com/400/', '2022-03-01 04:18:56'),
(93, 46, '37.800303', '-122.437549', 'Velit voluptate fugiat Lorem adipisicing ex esse fugiat adipisicing deserunt. Mollit ea magna ex proident anim dolore incididunt sunt aliquip amet.', 'https://via.placeholder.com/400/', '2022-04-04 11:35:33'),
(94, 3, '37.777498', '-122.428417', 'Aliqua esse incididunt ut labore magna mollit voluptate aute ad. Ad sunt adipisicing est qui.', 'https://via.placeholder.com/400/', '2022-01-16 04:04:11'),
(95, 22, '37.774654', '-122.430177', 'Ea laboris eu occaecat veniam voluptate sit tempor magna excepteur consequat quis minim qui. Nisi adipisicing nisi dolore dolore fugiat elit anim nisi sit.', 'https://via.placeholder.com/400/', '2022-03-13 09:22:23'),
(96, 9, '37.783889', '-122.429197', 'Voluptate exercitation do aliqua ipsum labore incididunt ipsum commodo. Non aliquip tempor dolore cillum veniam.', 'https://via.placeholder.com/400/', '2022-03-03 10:43:00'),
(97, 16, '37.796437', '-122.401549', 'Eiusmod adipisicing elit commodo anim duis deserunt consequat quis cillum Lorem quis proident. Cupidatat amet minim sunt sit ullamco esse magna labore deserunt laboris esse laboris nulla veniam.', 'https://via.placeholder.com/400/', '2022-04-03 03:31:12'),
(98, 6, '37.792664', '-122.380308', 'Dolore sint non sint aute. Labore deserunt incididunt nulla voluptate laboris ut labore magna ea.', 'https://via.placeholder.com/400/', '2022-03-12 05:32:08'),
(99, 32, '37.802539', '-122.412601', 'Minim proident ullamco cupidatat reprehenderit velit. Velit officia reprehenderit ipsum eu reprehenderit aute qui in eu enim.', 'https://via.placeholder.com/400/', '2022-02-27 04:26:04'),
(100, 40, '37.798186', '-122.429611', 'Dolore in sunt qui elit cillum Lorem sunt dolore consequat cupidatat excepteur sunt. Laborum officia et non in sit commodo exercitation enim adipisicing.', 'https://via.placeholder.com/400/', '2022-02-07 08:17:22'),
(101, 49, '37.798971', '-122.453890', 'Ut esse ex sit fugiat exercitation Lorem fugiat labore esse et do consequat. Magna ut minim fugiat ut.', 'https://via.placeholder.com/400/', '2022-02-05 04:35:44'),
(102, 7, '37.801595', '-122.448822', 'Sunt sint ut ullamco eiusmod aliqua mollit veniam tempor incididunt. Sit ut officia consequat proident ad consectetur dolor culpa in.', 'https://via.placeholder.com/400/', '2022-03-19 10:31:35'),
(103, 15, '37.777459', '-122.423735', 'Ex fugiat laborum nisi proident id. Enim ut voluptate non ut eu laboris pariatur sit.', 'https://via.placeholder.com/400/', '2022-01-02 05:44:58'),
(104, 18, '37.800268', '-122.484060', 'Cupidatat qui adipisicing dolore nulla. Consectetur id magna laborum anim amet voluptate sint laboris incididunt excepteur.', 'https://via.placeholder.com/400/', '2022-03-15 03:36:35'),
(105, 40, '37.783591', '-122.450979', 'Officia excepteur dolore Lorem elit eu deserunt eiusmod magna ad sunt occaecat. Anim nisi ipsum occaecat Lorem excepteur laborum.', 'https://via.placeholder.com/400/', '2022-02-15 12:54:22'),
(106, 17, '37.768747', '-122.412886', 'Proident ea in tempor laboris irure aliqua. Velit nulla qui culpa nostrud laboris anim anim eu et officia id occaecat consectetur.', 'https://via.placeholder.com/400/', '2022-02-05 03:41:46'),
(107, 49, '37.745826', '-122.474948', 'Incididunt cillum adipisicing mollit duis ipsum voluptate excepteur voluptate eiusmod magna tempor cupidatat exercitation irure. Ullamco mollit ea non aliqua ullamco id amet elit culpa quis non minim.', 'https://via.placeholder.com/400/', '2022-02-06 07:47:13'),
(108, 46, '37.765533', '-122.403145', 'Reprehenderit deserunt aliqua tempor anim culpa sit esse. Quis esse reprehenderit ad ex magna laborum culpa id minim commodo qui.', 'https://via.placeholder.com/400/', '2022-03-10 08:34:32'),
(109, 19, '37.753827', '-122.415943', 'Laborum quis proident ipsum amet mollit minim. Non excepteur minim do magna quis velit duis incididunt eu sunt ullamco mollit aute non.', 'https://via.placeholder.com/400/', '2022-03-26 06:39:50'),
(110, 11, '37.795436', '-122.399974', 'Aute qui deserunt eiusmod commodo. Ut excepteur sit eiusmod deserunt.', 'https://via.placeholder.com/400/', '2022-03-01 09:35:19'),
(111, 16, '37.749886', '-122.391658', 'Ex aliquip nisi aliqua dolor cupidatat laborum sunt ea quis magna deserunt quis veniam. Deserunt in ut eiusmod culpa cupidatat ad elit dolore reprehenderit mollit.', 'https://via.placeholder.com/400/', '2022-02-15 11:54:35'),
(112, 48, '37.782080', '-122.420716', 'Nostrud cillum incididunt velit consequat. Ad aute officia dolore irure minim deserunt.', 'https://via.placeholder.com/400/', '2022-01-02 10:31:32'),
(113, 27, '37.770490', '-122.389364', 'Dolore labore incididunt labore consequat. Duis cillum amet consectetur laboris laborum voluptate.', 'https://via.placeholder.com/400/', '2022-02-19 10:39:44'),
(114, 46, '37.786024', '-122.422154', 'Voluptate sit proident nulla eu do minim officia incididunt dolor do mollit est. Sunt nulla ut exercitation ad est deserunt dolore veniam tempor Lorem.', 'https://via.placeholder.com/400/', '2022-02-15 05:26:35'),
(115, 16, '37.756587', '-122.365080', 'Voluptate laborum duis laborum non consequat mollit aute sint sunt ex magna est in. Consectetur duis labore do id do eiusmod proident officia ad.', 'https://via.placeholder.com/400/', '2022-02-28 01:00:13'),
(116, 42, '37.802555', '-122.436660', 'Incididunt aliquip Lorem reprehenderit mollit excepteur. Quis enim culpa magna minim laboris anim.', 'https://via.placeholder.com/400/', '2022-04-01 10:37:27'),
(117, 30, '37.757817', '-122.437209', 'Sunt Lorem duis ad mollit duis labore ipsum. Fugiat ullamco sint adipisicing id cupidatat consectetur commodo cillum cillum culpa magna mollit ut aliquip.', 'https://via.placeholder.com/400/', '2022-01-14 06:22:17'),
(118, 48, '37.787093', '-122.471027', 'Ex cupidatat labore labore consequat. Quis laborum reprehenderit nostrud amet excepteur.', 'https://via.placeholder.com/400/', '2022-03-11 02:28:26'),
(119, 1, '37.741456', '-122.413914', 'Adipisicing cillum eiusmod tempor eu. Nostrud excepteur consectetur voluptate duis magna.', 'https://via.placeholder.com/400/', '2022-03-09 08:24:30'),
(120, 22, '37.783167', '-122.417238', 'Eu officia cillum qui aliqua ex non ad magna ipsum eu eiusmod id. Exercitation laboris nostrud cupidatat voluptate eu labore ea tempor nostrud ipsum adipisicing.', 'https://via.placeholder.com/400/', '2022-01-03 11:33:06'),
(121, 7, '37.760540', '-122.450524', 'Minim officia dolor consequat consequat officia anim. Est incididunt elit laborum ipsum excepteur exercitation nostrud irure nisi labore veniam laborum nisi nulla.', 'https://via.placeholder.com/400/', '2022-01-18 06:30:17'),
(122, 27, '37.793794', '-122.492332', 'Elit occaecat amet velit cillum mollit magna proident tempor consectetur dolor qui aliqua est non. Dolore ut ex consectetur non et ad sunt ullamco sint excepteur ut sunt.', 'https://via.placeholder.com/400/', '2022-02-07 02:03:20'),
(123, 15, '37.791825', '-122.482229', 'Velit eiusmod non sint consectetur in amet. Consectetur magna exercitation fugiat commodo officia duis in incididunt anim dolore anim duis.', 'https://via.placeholder.com/400/', '2022-02-18 02:14:57'),
(124, 13, '37.743624', '-122.451004', 'Amet tempor eu Lorem enim nisi in mollit magna voluptate dolore Lorem amet et est. Culpa exercitation in fugiat ea irure dolor consectetur in sit excepteur voluptate pariatur consectetur.', 'https://via.placeholder.com/400/', '2022-03-14 05:52:24'),
(125, 40, '37.762861', '-122.420509', 'Pariatur consequat labore dolor eiusmod elit id qui sit reprehenderit consectetur minim. Aliquip exercitation consectetur ea nisi nulla eiusmod nostrud consequat deserunt duis nisi labore cillum.', 'https://via.placeholder.com/400/', '2022-01-22 12:05:16'),
(126, 23, '37.738548', '-122.410270', 'Ad exercitation veniam velit minim eiusmod commodo nisi velit ipsum do ut excepteur eu. Pariatur qui irure cupidatat exercitation qui ad nulla esse eu dolore occaecat Lorem proident eu.', 'https://via.placeholder.com/400/', '2022-04-01 06:01:51'),
(127, 20, '37.802497', '-122.364946', 'Esse incididunt cillum nisi enim exercitation aute quis ipsum aliqua commodo. Amet elit cillum et occaecat dolor sint occaecat.', 'https://via.placeholder.com/400/', '2022-03-19 07:13:11'),
(128, 9, '37.759479', '-122.439266', 'Quis aliqua culpa ullamco labore dolore in et excepteur fugiat ea. Enim aute proident ad duis aute laboris veniam consequat nulla ad id ut.', 'https://via.placeholder.com/400/', '2022-03-23 04:16:28'),
(129, 34, '37.756512', '-122.394590', 'Quis nostrud cupidatat eiusmod in deserunt do ad duis enim mollit sit eiusmod ea. Deserunt magna duis magna minim occaecat veniam.', 'https://via.placeholder.com/400/', '2022-03-01 05:22:48'),
(130, 35, '37.784525', '-122.492032', 'Velit id pariatur non excepteur dolor laboris sunt est et et cillum est. Ex ipsum deserunt culpa ullamco velit duis aliquip.', 'https://via.placeholder.com/400/', '2022-03-13 01:59:54'),
(131, 26, '37.748569', '-122.413645', 'Culpa quis consequat ipsum proident ullamco Lorem amet ut proident Lorem. Duis eiusmod et laboris dolor culpa.', 'https://via.placeholder.com/400/', '2022-02-11 10:04:03'),
(132, 21, '37.756603', '-122.480747', 'Nostrud sunt aliqua sit velit occaecat non do tempor. Sit reprehenderit ea commodo amet sit laboris minim nisi esse ea.', 'https://via.placeholder.com/400/', '2022-02-25 07:30:18'),
(133, 6, '37.758938', '-122.466058', 'Dolore non veniam voluptate irure aliquip consequat in. Nostrud ut commodo nostrud laborum id dolor cillum commodo laboris.', 'https://via.placeholder.com/400/', '2022-01-17 05:36:25'),
(134, 17, '37.795164', '-122.413083', 'Deserunt laboris commodo in excepteur ea est consequat. Ea ea laborum fugiat eiusmod voluptate consectetur do dolor occaecat in consequat consequat eiusmod occaecat.', 'https://via.placeholder.com/400/', '2022-02-28 04:08:34'),
(135, 39, '37.747875', '-122.409305', 'Excepteur ea dolor cupidatat nulla labore esse cupidatat et sit. Exercitation fugiat laborum commodo Lorem dolore ut est commodo ipsum ut proident.', 'https://via.placeholder.com/400/', '2022-03-15 10:50:01'),
(136, 29, '37.793942', '-122.446211', 'Amet excepteur aute consequat non cupidatat consequat proident eu magna. Excepteur nostrud nisi anim qui commodo excepteur cupidatat ipsum ad ea anim veniam incididunt.', 'https://via.placeholder.com/400/', '2022-03-26 10:45:30'),
(137, 44, '37.787563', '-122.489545', 'Minim eiusmod ullamco consectetur excepteur. Consectetur veniam consequat officia consequat culpa.', 'https://via.placeholder.com/400/', '2022-01-05 02:25:38'),
(138, 46, '37.782295', '-122.478498', 'Consequat eu consequat ad in velit irure nulla cillum Lorem ut labore cillum et velit. Cupidatat elit ex aute quis officia voluptate nisi occaecat non enim non dolore veniam sit.', 'https://via.placeholder.com/400/', '2022-02-26 09:37:52'),
(139, 21, '37.784899', '-122.457575', 'Aute Lorem dolore commodo deserunt aliqua elit cillum commodo consequat duis in ad. Ipsum proident elit culpa voluptate nulla deserunt tempor occaecat deserunt.', 'https://via.placeholder.com/400/', '2022-02-15 07:35:40'),
(140, 11, '37.779569', '-122.425556', 'Consequat deserunt aliqua duis dolore nisi excepteur nulla ad ad voluptate eu esse commodo. Veniam aute do eu mollit culpa veniam ex enim ut Lorem labore.', 'https://via.placeholder.com/400/', '2022-02-08 03:00:21'),
(141, 12, '37.783325', '-122.379877', 'Consectetur irure sunt cupidatat qui aliquip occaecat nulla non mollit duis dolore do magna. Nulla enim qui sint nulla Lorem velit ad proident.', 'https://via.placeholder.com/400/', '2022-03-21 01:12:07'),
(142, 26, '37.792428', '-122.402193', 'Excepteur duis elit ullamco Lorem velit adipisicing adipisicing irure in occaecat quis incididunt anim. Commodo reprehenderit anim esse laborum.', 'https://via.placeholder.com/400/', '2022-03-06 05:44:47'),
(143, 33, '37.749768', '-122.442094', 'Laborum ad proident commodo occaecat ad dolore duis deserunt anim incididunt occaecat do ex. Consequat Lorem eu Lorem ipsum fugiat proident occaecat ipsum tempor sit laborum fugiat.', 'https://via.placeholder.com/400/', '2022-03-27 06:30:55'),
(144, 15, '37.779091', '-122.478952', 'Incididunt exercitation consequat amet anim fugiat. Aliqua labore commodo consequat proident in dolore velit sunt qui incididunt.', 'https://via.placeholder.com/400/', '2022-01-22 07:21:28'),
(145, 47, '37.739793', '-122.384761', 'Id ex voluptate eiusmod in proident fugiat. Cillum duis magna quis sunt mollit qui pariatur nisi aute sit laboris.', 'https://via.placeholder.com/400/', '2022-02-04 01:23:12'),
(146, 45, '37.785312', '-122.428333', 'Magna Lorem eiusmod Lorem sit magna amet non qui ullamco velit. Amet irure duis amet duis minim labore cupidatat exercitation ullamco cillum dolore mollit.', 'https://via.placeholder.com/400/', '2022-04-01 12:04:27'),
(147, 26, '37.737352', '-122.398931', 'Et eiusmod cillum irure incididunt id quis laborum proident. Nostrud qui commodo exercitation est ad adipisicing adipisicing.', 'https://via.placeholder.com/400/', '2022-03-03 02:35:58'),
(148, 48, '37.774387', '-122.406997', 'Enim dolore adipisicing ipsum ut quis sint incididunt exercitation. Quis tempor ullamco ea labore Lorem cupidatat.', 'https://via.placeholder.com/400/', '2022-02-28 06:54:03'),
(149, 46, '37.745051', '-122.440989', 'Aliquip sit qui sit exercitation pariatur do ad cillum consequat irure elit deserunt. Sit culpa occaecat consequat tempor velit commodo nulla nostrud enim elit officia.', 'https://via.placeholder.com/400/', '2022-04-01 10:29:04'),
(150, 39, '37.788635', '-122.492300', 'Veniam sunt magna enim ullamco dolore cupidatat dolor incididunt adipisicing dolor. Velit quis cillum irure duis ad consequat ipsum.', 'https://via.placeholder.com/400/', '2022-01-18 06:55:49'),
(151, 22, '37.750423', '-122.493585', 'Aliquip est labore occaecat laborum quis ullamco nulla magna. Veniam non sit voluptate labore dolor ut anim voluptate velit pariatur mollit aliqua.', 'https://via.placeholder.com/400/', '2022-03-25 03:16:01'),
(152, 42, '37.792078', '-122.456223', 'Dolore quis laboris magna cillum veniam qui dolor enim aliqua exercitation nisi mollit. Amet officia aliquip magna laborum ut dolor do eiusmod tempor irure reprehenderit quis laboris elit.', 'https://via.placeholder.com/400/', '2022-01-19 11:23:55'),
(153, 14, '37.776644', '-122.480161', 'Pariatur amet fugiat laborum ipsum. Tempor ipsum non nostrud et nostrud proident esse anim dolore ad.', 'https://via.placeholder.com/400/', '2022-04-02 06:10:47'),
(154, 19, '37.781608', '-122.422460', 'Aliqua ipsum ad voluptate voluptate quis ea aliquip consectetur fugiat aute est duis Lorem exercitation. Excepteur occaecat do pariatur cupidatat consectetur duis reprehenderit irure ullamco reprehenderit irure proident.', 'https://via.placeholder.com/400/', '2022-01-09 12:10:27'),
(155, 48, '37.792497', '-122.432671', 'Ea do labore quis laborum irure laborum culpa occaecat est. Eu cupidatat ullamco consectetur deserunt aute pariatur irure dolore quis nostrud.', 'https://via.placeholder.com/400/', '2022-03-30 01:32:44'),
(156, 22, '37.745893', '-122.457578', 'Lorem nisi amet velit ullamco dolor eiusmod commodo irure elit dolore irure amet minim. Laborum tempor Lorem est mollit sunt ut consectetur.', 'https://via.placeholder.com/400/', '2022-03-24 11:11:25'),
(157, 43, '37.756149', '-122.398508', 'Id voluptate cillum do magna deserunt magna non cupidatat ea exercitation ex sunt exercitation aliqua. Sunt sunt cupidatat officia qui aliqua aute cillum sunt sit voluptate.', 'https://via.placeholder.com/400/', '2022-01-15 05:58:04'),
(158, 7, '37.755344', '-122.459627', 'Labore enim dolor aute ex esse laboris exercitation nulla pariatur amet exercitation id officia enim. Enim est deserunt irure dolore tempor mollit veniam esse amet laboris.', 'https://via.placeholder.com/400/', '2022-01-09 10:35:23'),
(159, 36, '37.748920', '-122.489492', 'Qui tempor excepteur sit consectetur nostrud ea exercitation do. Aliqua nulla anim proident nulla consequat laborum sit laborum fugiat qui magna consequat irure sint.', 'https://via.placeholder.com/400/', '2022-03-02 08:15:00'),
(160, 50, '37.776549', '-122.455859', 'Esse non magna pariatur sint cupidatat commodo pariatur fugiat sit nulla duis nostrud. Proident in velit adipisicing mollit duis ex.', 'https://via.placeholder.com/400/', '2022-03-10 06:53:00'),
(161, 38, '37.793500', '-122.438631', 'Do sit reprehenderit veniam culpa irure. Consequat esse pariatur elit voluptate pariatur ea excepteur dolore culpa ad aute ad ea.', 'https://via.placeholder.com/400/', '2022-02-20 05:40:45'),
(162, 4, '37.774078', '-122.459006', 'Consectetur elit proident in excepteur nulla ipsum. Irure aute proident non cupidatat tempor adipisicing ad proident sit.', 'https://via.placeholder.com/400/', '2022-03-01 11:11:29'),
(163, 19, '37.742000', '-122.406408', 'Aute officia nisi commodo eiusmod sunt irure cillum. Excepteur voluptate sit nisi est sunt excepteur aliqua.', 'https://via.placeholder.com/400/', '2022-03-14 01:52:17'),
(164, 41, '37.792988', '-122.488445', 'Lorem ullamco dolore consectetur dolor ut ad incididunt eiusmod sint et laboris pariatur officia. Nisi aliquip laborum labore consectetur.', 'https://via.placeholder.com/400/', '2022-03-26 05:36:41'),
(165, 19, '37.747619', '-122.435827', 'Tempor minim ipsum culpa elit esse. Cillum enim ex culpa aliquip aute nostrud aute deserunt do sint commodo tempor reprehenderit reprehenderit.', 'https://via.placeholder.com/400/', '2022-02-11 03:57:20'),
(166, 31, '37.797201', '-122.399388', 'Fugiat voluptate fugiat pariatur cillum voluptate dolor sunt sint irure commodo commodo sit fugiat tempor. Sunt incididunt voluptate velit do officia labore irure eiusmod et.', 'https://via.placeholder.com/400/', '2022-02-24 12:03:53'),
(167, 32, '37.767443', '-122.365840', 'Sint sint mollit ullamco veniam anim et Lorem dolor. Enim voluptate labore voluptate dolore laborum duis excepteur quis laboris occaecat.', 'https://via.placeholder.com/400/', '2022-03-23 10:07:54'),
(168, 24, '37.767004', '-122.481954', 'Aliquip cillum do enim aute amet eiusmod aliquip pariatur in adipisicing aliqua cillum. Sit mollit aliquip qui ea do aute id nulla veniam reprehenderit labore consequat est.', 'https://via.placeholder.com/400/', '2022-03-30 04:58:20'),
(169, 20, '37.780155', '-122.459026', 'Non consectetur occaecat sunt officia dolore consequat reprehenderit minim aute mollit reprehenderit magna. Aliqua exercitation ex nisi fugiat aliqua officia aliquip veniam velit eiusmod sint.', 'https://via.placeholder.com/400/', '2022-01-11 12:36:48'),
(170, 1, '37.757333', '-122.471735', 'Incididunt exercitation ullamco veniam mollit pariatur commodo reprehenderit tempor ex adipisicing fugiat sunt amet. Qui voluptate velit sit amet veniam ipsum aliqua ea Lorem irure qui.', 'https://via.placeholder.com/400/', '2022-01-28 08:26:05'),
(171, 12, '37.763719', '-122.375932', 'Consectetur excepteur do laboris anim cillum est aute voluptate mollit minim. Eu quis non excepteur aliqua aliquip nulla Lorem commodo.', 'https://via.placeholder.com/400/', '2022-02-28 11:47:07'),
(172, 6, '37.769283', '-122.449497', 'Esse eiusmod cillum esse exercitation ut labore adipisicing irure pariatur reprehenderit culpa deserunt. Quis ex adipisicing laborum est laboris excepteur esse et culpa sit est consectetur culpa.', 'https://via.placeholder.com/400/', '2022-02-16 07:04:13'),
(173, 15, '37.750502', '-122.456466', 'Cillum consequat magna in culpa anim in sunt tempor anim officia labore veniam ad. Mollit ea ea officia excepteur amet nulla.', 'https://via.placeholder.com/400/', '2022-02-26 04:37:42'),
(174, 32, '37.790930', '-122.399235', 'Eu voluptate amet eu proident reprehenderit reprehenderit tempor aute deserunt amet laboris mollit aute sint. Do aute pariatur consequat esse reprehenderit quis.', 'https://via.placeholder.com/400/', '2022-01-05 03:17:39'),
(175, 42, '37.803863', '-122.364770', 'Duis dolor labore consectetur pariatur aliqua. Lorem non sunt elit fugiat qui officia aute veniam voluptate ipsum.', 'https://via.placeholder.com/400/', '2022-03-06 05:28:33'),
(176, 48, '37.757316', '-122.425076', 'Incididunt minim eu ad nostrud magna in esse enim consequat nostrud. Do eiusmod officia nulla et.', 'https://via.placeholder.com/400/', '2022-03-01 01:41:04'),
(177, 30, '37.751188', '-122.423534', 'Est officia Lorem aute elit officia nostrud ea anim. Veniam eu in ea reprehenderit adipisicing mollit proident sunt tempor mollit duis fugiat do exercitation.', 'https://via.placeholder.com/400/', '2022-02-03 07:46:15'),
(178, 6, '37.789722', '-122.467877', 'Do reprehenderit ipsum adipisicing esse aliquip. Occaecat tempor dolor laborum proident enim qui cillum.', 'https://via.placeholder.com/400/', '2022-03-21 09:30:25'),
(179, 38, '37.753875', '-122.387444', 'Ullamco duis sunt incididunt proident. Laborum exercitation sunt sunt aliqua cillum qui cupidatat irure laborum anim.', 'https://via.placeholder.com/400/', '2022-01-09 12:38:32'),
(180, 38, '37.774815', '-122.492506', 'Consectetur ex ad officia ut ullamco. Exercitation culpa anim pariatur officia consectetur adipisicing ut elit tempor dolor dolor occaecat nulla Lorem.', 'https://via.placeholder.com/400/', '2022-02-13 09:41:27'),
(181, 47, '37.770015', '-122.420767', 'Magna minim nostrud ex anim officia. Labore ipsum ea quis eiusmod nisi.', 'https://via.placeholder.com/400/', '2022-03-12 05:08:09'),
(182, 27, '37.770299', '-122.444841', 'Excepteur ex aliquip laboris ea exercitation. Exercitation cupidatat voluptate adipisicing occaecat.', 'https://via.placeholder.com/400/', '2022-01-10 04:19:46'),
(183, 24, '37.768250', '-122.390754', 'Cupidatat nulla qui consectetur elit exercitation consectetur excepteur esse eiusmod mollit occaecat sit pariatur duis. Et fugiat anim nulla labore aliquip minim nisi dolor consequat laboris ex.', 'https://via.placeholder.com/400/', '2022-01-27 01:04:46'),
(184, 18, '37.740667', '-122.427145', 'Quis cupidatat incididunt adipisicing Lorem. Esse quis do mollit qui anim nostrud est.', 'https://via.placeholder.com/400/', '2022-03-03 07:02:16'),
(185, 42, '37.762643', '-122.389236', 'Culpa sint mollit culpa in aliquip adipisicing nostrud sint qui irure commodo. Laboris aute eu non minim cupidatat eiusmod.', 'https://via.placeholder.com/400/', '2022-01-21 08:07:53'),
(186, 19, '37.746640', '-122.379365', 'Adipisicing est excepteur anim voluptate tempor esse id. Consectetur magna nisi elit magna ipsum qui culpa sit ad enim cupidatat eiusmod.', 'https://via.placeholder.com/400/', '2022-02-20 06:25:53'),
(187, 26, '37.764236', '-122.419123', 'Eiusmod duis reprehenderit reprehenderit ut. Et adipisicing duis ad commodo dolore incididunt in reprehenderit nostrud quis consequat do pariatur.', 'https://via.placeholder.com/400/', '2022-03-08 05:43:56'),
(188, 20, '37.799388', '-122.382945', 'Eu mollit dolore ipsum in officia ea duis ipsum duis. Enim laboris ea do do minim sunt id est nostrud dolore ipsum sint.', 'https://via.placeholder.com/400/', '2022-01-09 07:30:54'),
(189, 10, '37.787940', '-122.421122', 'Anim anim in quis consequat ut cupidatat officia in. Mollit dolore ullamco officia magna mollit consequat ad do do laboris.', 'https://via.placeholder.com/400/', '2022-02-25 05:23:34'),
(190, 36, '37.798265', '-122.402998', 'Anim anim commodo proident Lorem. In do irure nisi dolore anim ut.', 'https://via.placeholder.com/400/', '2022-01-29 06:03:37'),
(191, 40, '37.742692', '-122.399679', 'Non deserunt officia minim sit occaecat consequat et id sit velit aliquip. Eiusmod incididunt adipisicing magna laboris.', 'https://via.placeholder.com/400/', '2022-01-23 10:10:49'),
(192, 25, '37.775330', '-122.474820', 'Aute ipsum pariatur ullamco non culpa magna laboris dolore veniam. Ad nisi dolore do aliquip dolore cillum laboris.', 'https://via.placeholder.com/400/', '2022-03-07 10:17:44'),
(193, 28, '37.768849', '-122.377150', 'Eu nisi cillum sit enim Lorem proident eu cillum in. Ea laboris eiusmod dolore officia esse elit dolore enim.', 'https://via.placeholder.com/400/', '2022-01-25 04:40:10'),
(194, 40, '37.766589', '-122.447828', 'Cillum cillum aute elit incididunt ea duis adipisicing esse ipsum. Irure et et ex amet laborum anim sit occaecat incididunt ipsum dolore.', 'https://via.placeholder.com/400/', '2022-01-23 05:32:47'),
(195, 37, '37.793128', '-122.448762', 'Nulla enim id reprehenderit fugiat aliqua occaecat nostrud consequat Lorem labore minim ex. Sit velit ea dolor laborum aliquip sint reprehenderit exercitation pariatur est consequat.', 'https://via.placeholder.com/400/', '2022-01-05 01:44:20'),
(196, 10, '37.744724', '-122.396915', 'Labore Lorem laborum nisi ullamco nostrud sunt laborum fugiat nostrud minim est esse. Excepteur eiusmod voluptate consectetur laborum culpa ea aliquip sint adipisicing voluptate tempor veniam adipisicing minim.', 'https://via.placeholder.com/400/', '2022-03-06 08:39:16'),
(197, 32, '37.785688', '-122.452557', 'Ut incididunt non culpa eu. In eu dolore incididunt amet magna ipsum in laboris cillum quis elit.', 'https://via.placeholder.com/400/', '2022-02-13 10:15:04'),
(198, 41, '37.777958', '-122.440416', 'Cillum ullamco eiusmod in dolore ad cupidatat est reprehenderit. Commodo do aliqua sit excepteur ex sunt fugiat ex fugiat nulla dolore consequat duis.', 'https://via.placeholder.com/400/', '2022-04-05 12:47:03'),
(199, 29, '37.794508', '-122.396526', 'Cupidatat amet consectetur veniam anim anim sint reprehenderit non incididunt dolor pariatur commodo esse. Do est exercitation magna officia ut do aliqua ipsum ex veniam velit commodo.', 'https://via.placeholder.com/400/', '2022-01-22 02:15:51'),
(200, 49, '37.792798', '-122.395405', 'Fugiat magna dolore ullamco Lorem ad aute eu magna id proident aliqua elit velit. Ea quis sint dolor consequat labore cillum ad.', 'https://via.placeholder.com/400/', '2022-02-14 11:48:16'),
(201, 24, '37.783238', '-122.367720', 'Eu incididunt ex excepteur sint pariatur magna mollit do pariatur nostrud mollit eiusmod. Ullamco ut ea dolore est non excepteur anim commodo exercitation.', 'https://via.placeholder.com/400/', '2022-01-28 04:45:59'),
(202, 3, '37.797257', '-122.390574', 'Incididunt elit eu dolor consequat voluptate sunt non ad qui amet tempor aliquip pariatur. Amet voluptate ex quis dolor fugiat aliquip anim.', 'https://via.placeholder.com/400/', '2022-03-07 01:29:31'),
(203, 19, '37.747850', '-122.411234', 'Elit non elit occaecat laboris incididunt ullamco amet excepteur. Incididunt velit esse consequat consequat labore est ex laboris do ea.', 'https://via.placeholder.com/400/', '2022-01-10 03:16:01'),
(204, 42, '37.770884', '-122.432769', 'Ex dolor duis adipisicing veniam commodo deserunt exercitation fugiat in id sunt. Fugiat qui Lorem reprehenderit adipisicing culpa eu nisi.', 'https://via.placeholder.com/400/', '2022-02-24 03:07:35'),
(205, 20, '37.787175', '-122.431267', 'Quis quis enim in do aliquip quis reprehenderit eiusmod ut eiusmod nostrud occaecat labore magna. Do non ullamco commodo mollit nisi et exercitation tempor excepteur ipsum nisi fugiat ut ad.', 'https://via.placeholder.com/400/', '2022-02-06 10:55:03'),
(206, 5, '37.748493', '-122.398456', 'Anim veniam elit non enim do eu tempor Lorem sit esse sit exercitation irure. Veniam nostrud sit minim aliqua reprehenderit quis nisi esse reprehenderit.', 'https://via.placeholder.com/400/', '2022-02-06 09:39:16'),
(207, 50, '37.742018', '-122.437658', 'Quis labore sit cillum laborum aliqua Lorem est proident ea occaecat sunt adipisicing enim. Amet officia cupidatat tempor incididunt cupidatat cillum officia adipisicing pariatur velit dolor labore.', 'https://via.placeholder.com/400/', '2022-03-25 11:42:26'),
(208, 7, '37.771490', '-122.434669', 'Anim esse in reprehenderit id cillum incididunt officia do cupidatat velit cillum. Consectetur irure consequat velit id ut excepteur nisi aute cupidatat.', 'https://via.placeholder.com/400/', '2022-04-03 03:14:17'),
(209, 24, '37.763963', '-122.390843', 'Nostrud do eu fugiat velit veniam duis nulla excepteur elit sunt exercitation tempor aliquip ea. Et fugiat irure deserunt ad nisi voluptate velit nostrud et reprehenderit.', 'https://via.placeholder.com/400/', '2022-03-06 07:39:49'),
(210, 28, '37.778609', '-122.464762', 'Dolor ex sunt incididunt minim. Anim magna est adipisicing nisi aliquip ad sint.', 'https://via.placeholder.com/400/', '2022-01-01 04:25:57');
INSERT INTO `locations` (`id`, `animal_id`, `lat`, `lng`, `description`, `img`, `date_create`) VALUES
(211, 30, '37.781400', '-122.412637', 'Pariatur dolor eu et sint officia. Deserunt do qui nostrud in Lorem sit adipisicing anim quis minim nostrud.', 'https://via.placeholder.com/400/', '2022-01-29 05:08:10'),
(212, 47, '37.767647', '-122.448542', 'Incididunt deserunt consequat veniam aute non sint eiusmod do eiusmod cupidatat cillum magna. Lorem nulla occaecat adipisicing consectetur veniam dolor qui et est minim mollit.', 'https://via.placeholder.com/400/', '2022-02-12 01:32:57'),
(213, 2, '37.747424', '-122.404905', 'Sunt laborum eiusmod reprehenderit quis mollit do velit et eiusmod pariatur voluptate exercitation pariatur. Magna consequat nulla do magna irure deserunt exercitation magna.', 'https://via.placeholder.com/400/', '2022-01-26 05:41:25'),
(214, 10, '37.787928', '-122.384268', 'Ea esse magna nostrud ut duis cillum reprehenderit sunt culpa dolore. Qui sunt officia occaecat tempor anim tempor cupidatat voluptate ea nisi ad.', 'https://via.placeholder.com/400/', '2022-03-07 11:25:08'),
(215, 8, '37.772052', '-122.446058', 'Pariatur magna do et veniam aliquip pariatur eiusmod quis eu. Ipsum aliqua ullamco amet sit est.', 'https://via.placeholder.com/400/', '2022-03-02 02:03:11'),
(216, 11, '37.773729', '-122.444749', 'Nulla enim pariatur culpa pariatur non ipsum non mollit adipisicing proident est et. Sint Lorem aute in in pariatur.', 'https://via.placeholder.com/400/', '2022-03-20 09:27:24'),
(217, 46, '37.774667', '-122.468201', 'Qui irure cupidatat fugiat ad officia exercitation sint. Consequat culpa proident ex mollit commodo magna anim quis aliqua commodo consequat culpa.', 'https://via.placeholder.com/400/', '2022-02-05 08:57:22'),
(218, 2, '37.768541', '-122.481000', 'Nisi veniam proident aliquip fugiat incididunt voluptate. In excepteur et ipsum deserunt ad officia aliquip culpa.', 'https://via.placeholder.com/400/', '2022-03-09 08:37:13'),
(219, 29, '37.761157', '-122.429612', 'Minim deserunt laboris irure sint cillum ea minim eiusmod officia ea. Nulla esse consectetur incididunt est ipsum laboris minim eiusmod laborum laboris culpa Lorem et cupidatat.', 'https://via.placeholder.com/400/', '2022-01-01 08:19:13'),
(220, 10, '37.738235', '-122.471201', 'Pariatur elit deserunt pariatur laboris amet amet do irure dolore veniam. Adipisicing ut nisi et eiusmod cillum nostrud enim.', 'https://via.placeholder.com/400/', '2022-01-26 01:36:02'),
(221, 4, '37.802176', '-122.434623', 'Officia veniam minim id et sit nostrud irure quis Lorem nostrud exercitation dolore. Cupidatat enim id nostrud veniam.', 'https://via.placeholder.com/400/', '2022-01-23 09:58:06'),
(222, 32, '37.770325', '-122.475951', 'Exercitation irure tempor id fugiat cillum labore proident nisi do enim velit deserunt aute consequat. Incididunt sunt aliqua magna amet tempor sint sint amet qui ea sunt Lorem anim aute.', 'https://via.placeholder.com/400/', '2022-03-28 09:45:16'),
(223, 22, '37.780397', '-122.421085', 'Ipsum minim aliqua sint enim consequat nostrud nostrud cillum veniam adipisicing. Aute non esse reprehenderit nulla labore sunt dolor Lorem voluptate nostrud enim tempor pariatur.', 'https://via.placeholder.com/400/', '2022-01-22 06:10:16'),
(224, 8, '37.742246', '-122.394420', 'Minim labore enim esse aliqua. Nostrud mollit ullamco laboris tempor dolor amet laborum laborum dolor laboris eu dolore magna pariatur.', 'https://via.placeholder.com/400/', '2022-02-02 09:37:19'),
(225, 22, '37.791864', '-122.477158', 'Ullamco reprehenderit nisi ut do sint commodo pariatur reprehenderit sunt sunt minim dolor irure. Labore id magna minim culpa elit quis cupidatat.', 'https://via.placeholder.com/400/', '2022-01-31 01:19:14'),
(226, 49, '37.756555', '-122.466649', 'Anim ut laboris reprehenderit ex occaecat sint ut. Proident labore dolor fugiat quis consequat et magna.', 'https://via.placeholder.com/400/', '2022-03-14 03:34:38'),
(227, 46, '37.769036', '-122.485700', 'Excepteur sunt velit enim ad ipsum cupidatat. Ad cillum mollit proident velit ad velit excepteur mollit Lorem.', 'https://via.placeholder.com/400/', '2022-01-03 11:49:33'),
(228, 14, '37.738446', '-122.490563', 'Tempor non veniam in adipisicing ullamco laborum cillum et mollit anim in. Quis Lorem proident exercitation aute ad excepteur elit veniam magna.', 'https://via.placeholder.com/400/', '2022-03-29 10:34:50'),
(229, 42, '37.750223', '-122.415941', 'Eu et est dolore dolor culpa. Commodo laborum ad nostrud elit velit et qui eiusmod ex laboris minim.', 'https://via.placeholder.com/400/', '2022-04-02 02:18:49'),
(230, 21, '37.766707', '-122.471322', 'Consectetur consequat irure aliqua nisi labore non. Adipisicing dolor ut consectetur laborum elit ut reprehenderit magna dolore.', 'https://via.placeholder.com/400/', '2022-02-28 10:02:34'),
(231, 44, '37.794394', '-122.489904', 'Magna sit cupidatat amet tempor pariatur sint amet nulla commodo. Consectetur sunt pariatur et qui proident sunt ullamco enim ex et esse excepteur ullamco.', 'https://via.placeholder.com/400/', '2022-02-04 05:22:01'),
(232, 6, '37.783944', '-122.485679', 'Aliqua veniam duis labore amet ex officia nostrud exercitation cillum id. Elit est qui cillum exercitation anim officia elit.', 'https://via.placeholder.com/400/', '2022-03-27 12:25:16'),
(233, 49, '37.776671', '-122.378564', 'Nulla velit non occaecat incididunt ullamco et qui nulla eu dolor reprehenderit amet est excepteur. Id laboris quis anim nostrud do nostrud incididunt eiusmod.', 'https://via.placeholder.com/400/', '2022-02-02 04:45:52'),
(234, 31, '37.757044', '-122.420009', 'Deserunt eu sunt id aliquip ex labore non amet exercitation consequat. Cillum reprehenderit esse aliquip cillum ullamco nisi est ex.', 'https://via.placeholder.com/400/', '2022-01-09 01:02:05'),
(235, 31, '37.766209', '-122.374573', 'Nostrud amet eu exercitation id labore laboris non. Nostrud ipsum mollit ex do et.', 'https://via.placeholder.com/400/', '2022-01-20 09:13:31'),
(236, 39, '37.799018', '-122.487939', 'Lorem dolor ipsum dolor cillum elit. Consectetur Lorem sit velit dolore id aliqua.', 'https://via.placeholder.com/400/', '2022-02-16 11:04:25'),
(237, 13, '37.756232', '-122.471827', 'Officia dolor in sunt cillum officia elit irure sunt culpa commodo velit. Aliqua qui adipisicing consectetur consequat commodo do tempor sunt est sunt.', 'https://via.placeholder.com/400/', '2022-02-27 04:45:04'),
(238, 16, '37.738749', '-122.464663', 'Aliqua minim anim ullamco minim sit eu ea. Proident mollit id voluptate proident.', 'https://via.placeholder.com/400/', '2022-03-05 03:12:41'),
(239, 46, '37.783561', '-122.437213', 'Ut nulla quis fugiat aliquip ullamco est anim mollit dolor adipisicing nisi exercitation tempor. Voluptate irure dolor sint do ut laboris aliquip laboris labore voluptate tempor in.', 'https://via.placeholder.com/400/', '2022-02-23 10:57:29'),
(240, 7, '37.760347', '-122.475628', 'Occaecat dolore duis exercitation amet voluptate cupidatat deserunt proident. Aliqua duis eiusmod quis pariatur mollit.', 'https://via.placeholder.com/400/', '2022-02-26 05:17:49'),
(241, 4, '37.775020', '-122.393390', 'Amet velit et nulla eiusmod reprehenderit adipisicing id laboris aliquip ea adipisicing eu culpa. Anim laboris nisi exercitation officia proident.', 'https://via.placeholder.com/400/', '2022-01-16 03:00:39'),
(242, 2, '37.764555', '-122.451101', 'Ad nisi dolore id ex esse voluptate quis cupidatat laborum aute id velit nostrud. Occaecat excepteur do proident exercitation exercitation.', 'https://via.placeholder.com/400/', '2022-01-25 12:51:27'),
(243, 33, '37.750426', '-122.466351', 'Ut non laboris irure nisi minim tempor pariatur officia. Occaecat incididunt irure veniam ut eiusmod veniam.', 'https://via.placeholder.com/400/', '2022-03-31 05:17:14'),
(244, 8, '37.760947', '-122.437980', 'Proident eu enim eu minim ut exercitation velit pariatur fugiat elit ea. Nulla velit dolore ex duis sunt minim.', 'https://via.placeholder.com/400/', '2022-01-30 03:25:58'),
(245, 23, '37.751645', '-122.413932', 'Sint aliquip labore in anim Lorem. Non amet veniam dolor fugiat eu anim commodo exercitation fugiat velit veniam officia.', 'https://via.placeholder.com/400/', '2022-03-03 03:22:27'),
(246, 49, '37.777283', '-122.459444', 'Fugiat nulla voluptate id eu minim quis commodo fugiat enim cillum. Elit cillum ipsum ad elit.', 'https://via.placeholder.com/400/', '2022-03-12 01:27:44'),
(247, 20, '37.793940', '-122.464532', 'In ut esse ad esse reprehenderit quis excepteur anim do. Nisi non nisi in aliqua veniam.', 'https://via.placeholder.com/400/', '2022-03-08 12:35:51'),
(248, 48, '37.792119', '-122.364512', 'Nisi sit anim ex in excepteur deserunt deserunt excepteur magna dolore. Ex ipsum laborum do Lorem occaecat in eu et anim dolor.', 'https://via.placeholder.com/400/', '2022-03-11 07:14:21'),
(249, 45, '37.776904', '-122.387094', 'Aliquip dolore aute nisi esse ut anim. Eiusmod nulla incididunt et velit mollit incididunt dolore cupidatat cupidatat enim fugiat esse dolore.', 'https://via.placeholder.com/400/', '2022-03-15 12:17:58'),
(250, 32, '37.776823', '-122.404513', 'Ut occaecat do minim ad aute ex sint aute aliquip. Dolor ipsum aliqua elit quis aliqua sint qui aliquip non reprehenderit magna ut.', 'https://via.placeholder.com/400/', '2022-01-09 07:06:57'),
(251, 0, '37.684566', '-122.431353', 'hello', 'https://via.placeholder.com/400/?text=ICON', '2022-05-18 01:09:39'),
(252, 38, '37.680762', '-122.422083', 'cat', 'https://via.placeholder.com/400/?text=ICON', '2022-05-18 01:17:32'),
(253, 38, '37.680762', '-122.422083', 'cat', 'https://via.placeholder.com/400/?text=ICON', '2022-05-18 01:18:10'),
(254, 32, '37.619601', '-122.390497', 'cat', 'https://via.placeholder.com/400/?text=ICON', '2022-05-18 12:56:11'),
(255, 22, '37.686468', '-122.426203', 'Cat', 'https://via.placeholder.com/400/?text=ICON', '2022-05-19 23:20:47'),
(256, 0, '37.634439', '-122.476496', 'New location', 'https://via.placeholder.com/400/?text=ICON', '2022-05-23 18:09:42'),
(257, 59, '37.634439', '-122.476496', 'New location', 'https://via.placeholder.com/400/?text=ICON', '2022-05-23 18:09:59'),
(258, 59, '37.674823', '-122.445630', 'New location 2', 'https://via.placeholder.com/400/?text=ICON', '2022-05-23 18:10:25'),
(259, 17, '37.763589', '-122.456587', 'new location', 'https://via.placeholder.com/400/?text=ICON', '2022-05-23 20:23:00'),
(260, 60, '37.685858', '-122.430954', 'Location for me', 'https://via.placeholder.com/400/?text=ICON', '2022-05-23 20:29:48'),
(261, 68, '37.789097', '-122.416762', 'xx', 'https://via.placeholder.com/400/?text=ICON', '2022-05-24 02:30:00'),
(262, 67, '37.780033', '-122.463076', 'cat', 'https://via.placeholder.com/400/?text=ICON', '2022-05-24 10:35:51'),
(263, 25, '37.750560', '-122.432039', '', 'https://via.placeholder.com/400/?text=ICON', '2022-05-24 16:40:19'),
(264, 17, '37.628368', '-122.391015', 'sfo', 'https://via.placeholder.com/400/?text=ICON', '2022-05-24 16:40:45'),
(265, 32, '37.611424', '-122.483023', 'pacifica', 'https://via.placeholder.com/400/?text=ICON', '2022-05-24 16:56:55'),
(266, 17, '37.769288', '-122.500704', 'golden gate park', 'https://via.placeholder.com/400/?text=ICON', '2022-05-24 17:00:05'),
(267, 25, '37.764999', '-122.504975', 'golden gate park', 'https://via.placeholder.com/400/?text=ICON', '2022-05-24 17:00:59'),
(268, 17, '37.804018', '-122.474783', 'presidio', 'https://via.placeholder.com/400/?text=ICON', '2022-05-24 17:59:53');

-- --------------------------------------------------------

--
-- Table structure for table `users`
--

CREATE TABLE `users` (
  `id` int(13) NOT NULL,
  `name` varchar(64) NOT NULL,
  `username` varchar(64) NOT NULL,
  `email` varchar(128) NOT NULL,
  `password` varchar(32) NOT NULL,
  `img` varchar(256) NOT NULL,
  `date_create` datetime NOT NULL
) ENGINE=MyISAM DEFAULT CHARSET=utf8;

--
-- Dumping data for table `users`
--

INSERT INTO `users` (`id`, `name`, `username`, `email`, `password`, `img`, `date_create`) VALUES
(1, 'Alisha Schneider', 'user1', 'user1@gmail.com', '1a1dc91c907325c69271ddf0c944bc72', 'https://via.placeholder.com/400/966/fff/?text=user1', '2022-03-09 06:39:49'),
(2, 'Tara Jordan', 'user2', 'user2@gmail.com', '1a1dc91c907325c69271ddf0c944bc72', 'https://via.placeholder.com/400/798/fff/?text=user2', '2022-03-06 08:54:36'),
(3, 'Glover Conrad', 'user3', 'user3@gmail.com', '1a1dc91c907325c69271ddf0c944bc72', 'https://via.placeholder.com/400/906/fff/?text=user3', '2022-01-25 08:56:51'),
(4, 'Maddox Lindsay', 'user4', 'user4@gmail.com', '1a1dc91c907325c69271ddf0c944bc72', 'https://via.placeholder.com/400/759/fff/?text=user4', '2022-02-01 06:28:08'),
(5, 'Huseyn Yusifov', 'user5', 'huseynfy@gmail.com', '1a1dc91c907325c69271ddf0c944bc72', 'uploads/1653357809.7729_Huseyn_Y.jpeg', '2022-01-26 11:14:51'),
(6, 'Allyson Powell', 'user6', 'user6@gmail.com', '1a1dc91c907325c69271ddf0c944bc72', 'https://via.placeholder.com/400/896/fff/?text=user6', '2022-02-27 03:41:57'),
(7, 'Hicks Dawson', 'user7', 'user7@gmail.com', '1a1dc91c907325c69271ddf0c944bc72', 'https://via.placeholder.com/400/815/fff/?text=user7', '2022-02-05 07:44:41'),
(8, 'Alma Stuart', 'user8', 'user8@gmail.com', '1a1dc91c907325c69271ddf0c944bc72', 'https://via.placeholder.com/400/837/fff/?text=user8', '2022-01-09 01:42:33'),
(9, 'Jacquelyn Whitaker', 'user9', 'user9@gmail.com', '1a1dc91c907325c69271ddf0c944bc72', 'https://via.placeholder.com/400/719/fff/?text=user9', '2022-02-16 12:59:15'),
(10, 'Yusif Yusifov', 'user10', 'jozef@gmail.com', '1a1dc91c907325c69271ddf0c944bc72', 'https://via.placeholder.com/400/887/fff/?text=user10', '2022-01-04 02:20:56'),
(18, '', 'yooo', 'yo@gmail.com', '827ccb0eea8a706c4c34a16891f84e7b', 'https://via.placeholder.com/400/?text=USER', '2022-05-24 02:28:46'),
(17, '', 'user555', 'user555@gmail.com', '1a1dc91c907325c69271ddf0c944bc72', 'https://via.placeholder.com/400/?text=USER', '2022-05-24 00:56:20'),
(16, '', 'user888', 'user888@mail.com', '1a1dc91c907325c69271ddf0c944bc72', 'uploads/1653378932.2283_smitty-ZL3u4I4eOwU-unsplash.jpg', '2022-05-24 00:37:38');

--
-- Indexes for dumped tables
--

--
-- Indexes for table `animals`
--
ALTER TABLE `animals`
  ADD PRIMARY KEY (`id`);

--
-- Indexes for table `locations`
--
ALTER TABLE `locations`
  ADD PRIMARY KEY (`id`);

--
-- Indexes for table `users`
--
ALTER TABLE `users`
  ADD PRIMARY KEY (`id`);

--
-- AUTO_INCREMENT for dumped tables
--

--
-- AUTO_INCREMENT for table `animals`
--
ALTER TABLE `animals`
  MODIFY `id` int(13) NOT NULL AUTO_INCREMENT, AUTO_INCREMENT=76;

--
-- AUTO_INCREMENT for table `locations`
--
ALTER TABLE `locations`
  MODIFY `id` int(13) NOT NULL AUTO_INCREMENT, AUTO_INCREMENT=269;

--
-- AUTO_INCREMENT for table `users`
--
ALTER TABLE `users`
  MODIFY `id` int(13) NOT NULL AUTO_INCREMENT, AUTO_INCREMENT=19;
COMMIT;

/*!40101 SET CHARACTER_SET_CLIENT=@OLD_CHARACTER_SET_CLIENT */;
/*!40101 SET CHARACTER_SET_RESULTS=@OLD_CHARACTER_SET_RESULTS */;
/*!40101 SET COLLATION_CONNECTION=@OLD_COLLATION_CONNECTION */;
